# [F15, pp. 26–27 (PDF 55–56), Tables 3 y 4] Cassard et al. (2013), NIST SP 260-177. Términos de corrección de E usados en el NIST; σ_support = σ_cantilever = |f_correction|/(3·√2). Copia sin modificar; no se aplican a los datos de Marshall.
material,capa,L (µm),f_correction (kHz),sigma_support (kHz),sigma_cantilever (kHz)
RM 8096,,200,2.67,0.63,0.63
RM 8096,,300,0,0,0
RM 8096,,400,-0.240,0.057,0.057
RM 8097,P1,200,1.095,0.258,0.258
RM 8097,P2,200,0.860,0.203,0.203
RM 8097,P1,300,0,0,0
RM 8097,P2,300,0,0,0
RM 8097,P1,400,0.122,0.029,0.029
RM 8097,P2,400,0.0208,0.0049,0.0049
