# [F15, p. 72 (PDF 101), Table RS9] Cassard et al. (2013), NIST SP 260-177. Resultados de deformación residual del round robin de ASTM (2002). Copia sin modificar; "–" = sin valor. Notas: (a) dos de las 6 mediciones del mismo instrumento con operadores distintos; (b) u_cεr1 según ASTM E 2245-02; (c) u_cεr1 según ASTM E 2245-05, Ec. (RS27); (d) Ec. (RS28); (e) Ec. (RS23).
quantity,repeatability_Ldes_600_to_750_um,reproducibility_Ldes_550_to_700_um
n,24,6 (a)
epsilon_r_ave,-41.65e-6,-44.0e-6
sigma_repeat_samp,5.7 %,–
plus_minus_2_sigma_limits,±4.7e-6 (± 11 %),±8.8e-6 (± 20 %)
u_c_epsilon_r1_ave (b),0.77e-6 (1.8 %),1.1e-6 (2.4 %)
u_c_epsilon_r1_ave (c),0.53e-6 (1.3 %),–
u_c_epsilon_r2_ave (d),0.57e-6 (1.4 %),–
u_c_epsilon_r3_ave (e),2.4e-6 (5.9 %),–
