nombre,generador,estructura,nivel,kappa_theta,kappa_u,L,alpha,sesgo_E,corrimiento_omega1,corrimiento_omega3,diferencia_forma,diferencia_forma_modo1,delta_L
m0_voladizo,M0,voladizo,control,,,,,0.0,0.0,0.0,0.0,0.0,0.0
m1_voladizo_s1,M1,voladizo,s1,396.1235,inf,,,-0.010000005998609063,-0.005012565907794531,-0.004932134089389417,0.006238068612733904,0.0021691124089089184,7.54723399927304e-07
m1_voladizo_s2,M1,voladizo,s2,156.1204,inf,,,-0.02499998379289159,-0.012579108886636714,-0.012081182986522054,0.015290445281698357,0.00543086825810476,1.9048563371916402e-06
m1_voladizo_s3,M1,voladizo,s3,76.1171,inf,,,-0.05000008202732398,-0.025320607598233846,-0.023360382601444907,0.029608822488222768,0.010888758824650298,3.8717750534063005e-06
m1_voladizo_s4,M1,voladizo,s4,36.1109,inf,,,-0.10000003606772345,-0.05131672095884576,-0.04372887303598727,0.05564756904792504,0.021886256368593846,8.007031909966898e-06
m1_voladizo_s5,M1,voladizo,s5,22.7713,inf,,,-0.14999991786846834,-0.07804550972863544,-0.06152598002592857,0.07870930534409229,0.032994016670133165,1.2439916307400977e-05
m1_voladizo_s6,M1,voladizo,s6,12.0921,inf,,,-0.25000007061347007,-0.13397463698426826,-0.09088365166748735,0.11785125640322575,0.0555465362637052,2.2370987134974162e-05
m1_voladizo_s5_ku_anillo,M1,voladizo,s5_ku_anillo,22.7713,188.23,,,-0.17970448897478486,-0.09429833221683026,-0.3952526699466139,0.5891578979789555,0.06210702333292557,1.523081948024345e-05
m1_voladizo_s5_ku_pilares_apilados,M1,voladizo,s5_ku_pilares_apilados,22.7713,658.79,,,-0.15858260669534985,-0.08271193548337819,-0.21689984867625378,0.35282591382771056,0.041086970378585864,1.3233629959065073e-05
m1_voladizo_s5_ku_pilares_laterales,M1,voladizo,s5_ku_pilares_laterales,22.7713,1317.59,,,-0.1543004980976076,-0.08038078429037143,-0.14208185207958712,0.22311170617724052,0.0370011262488444,1.2836368641773864e-05
m2_voladizo,M2,voladizo,única,,,1.4399e-05,,-0.049997630260442905,-0.02531934986911888,-0.26052277788459466,0.12508846152292177,0.012977615139338235,1.8582288650081693e-07
m3_voladizo,M3,voladizo,única,,,,0.041516,-0.050000490871677794,-0.025320817330993672,-0.0027723834410607884,0.014660471224300165,0.004095533686648868,3.871807747170397e-06
m0_biempotrada,M0,biempotrada,control,,,,,1.0284924023551412e-09,0.0,0.0,0.0,0.0,0.0
m1_biempotrada_s1,M1,biempotrada,s1,985.2996,inf,,,-0.01000000013974811,-0.00336032996118385,-0.0037562584158941092,0.0036954331990935235,0.0020597860679595834,5.053233914034338e-07
m1_biempotrada_s2,M1,biempotrada,s2,387.5686,inf,,,-0.025000000891028606,-0.008422789763862903,-0.009335187946152734,0.009187468679974588,0.005155586101568455,1.2714560311680277e-06
m1_biempotrada_s3,M1,biempotrada,s3,188.3177,inf,,,-0.05000000851981001,-0.01691988147399326,-0.018485565002086313,0.018185814668690296,0.010331679540648966,2.570649929207169e-06
m1_biempotrada_s4,M1,biempotrada,s4,88.6787,inf,,,-0.09999999225298684,-0.03414546888603265,-0.036234475759967744,0.03560832646787534,0.020746178516073164,5.256832845736237e-06
m1_biempotrada_s5,M1,biempotrada,s5,55.4534,inf,,,-0.14999999579835777,-0.05169494077402592,-0.05325741465492728,0.05237185859062417,0.03124523294756566,8.068448195939258e-06
m1_biempotrada_s6,M1,biempotrada,s6,28.8503,inf,,,-0.2500002043159596,-0.08784880448946153,-0.08520202068531513,0.08388418301585837,0.052505210795813384,1.411439464089883e-05
m1_biempotrada_s5_ku_anillo,M1,biempotrada,s5_ku_anillo,55.4534,188.23,,,-0.9438781192289164,-0.41202530405060644,-0.5654453525540624,0.7028254480930541,0.5266376484198719,9.123881661366088e-05
m1_biempotrada_s5_ku_pilares_apilados,M1,biempotrada,s5_ku_pilares_apilados,55.4534,658.79,,,-0.5378416965100922,-0.20163754970660008,-0.4360867513328692,0.5457762783702061,0.24633805154314106,3.575400632589875e-05
m1_biempotrada_s5_ku_pilares_laterales,M1,biempotrada,s5_ku_pilares_laterales,55.4534,1317.59,,,-0.36902790790254614,-0.13295080896695088,-0.32482849307898753,0.42826932979235816,0.14773127836625993,2.218060004816391e-05
m2_biempotrada,M2,biempotrada,única,,,4.224e-05,,-0.0500000345891366,-0.025067011134603967,-0.09187582541849837,0.02559126542027386,0.008125020559287932,5.395809976750976e-07
m3_biempotrada,M3,biempotrada,única,,,,0.044033,-9.279979907772518e-05,-3.113038826541015e-05,-8.104556065924307e-05,0.01818561627874421,0.01009173905878332,4.669667266532506e-09
