nombre,estructura,nivel,kappa_theta,kappa_u,sesgo_E,corrimiento_omega1,diferencia_forma,diferencia_forma_modo1,delta_L
m1_voladizo_s1,voladizo,s1,396.121313733314,inf,-0.010000009694045464,-0.005012567764821174,0.006238102496514706,0.002169125619711145,7.547236805888646e-07
m1_voladizo_s2,voladizo,s2,156.1200428590269,inf,-0.025000022830752533,-0.012579128654226057,0.015290478473076893,0.005430882268107795,1.904859359171107e-06
m1_voladizo_s3,voladizo,s3,76.11716495571095,inf,-0.050000011806607514,-0.025320571575765505,0.029608800290997352,0.010888751212211315,3.871769438118266e-06
m1_voladizo_s4,voladizo,s4,36.11088057145896,inf,-0.09999999083147904,-0.0513166971172514,0.05564759320252295,0.021886269430915924,8.007028039666485e-06
m1_voladizo_s5,voladizo,s5,22.771274151214918,inf,-0.149999995179114,-0.07804555165621874,0.0787093687525681,0.03299405066474154,1.2439923411792318e-05
m1_voladizo_s6,voladizo,s6,12.09210348327056,inf,-0.24999995468345704,-0.1339745700520435,0.11785123738579323,0.055546524686414606,2.2370974677483323e-05
m1_biempotrada_s1,biempotrada,s1,790.3491052174595,inf,-0.010000000060751968,-0.0050125629239090586,0.00452960318864068,0.002472237910503777,7.547229489579754e-07
m1_biempotrada_s2,biempotrada,s2,310.3436717238732,inf,-0.025000000062941896,-0.012579117125296913,0.011220889776963302,0.006189086680299711,1.90485759668062e-06
m1_biempotrada_s3,biempotrada,s3,150.33459392512256,inf,-0.04999999991390447,-0.02532056547493755,0.022149087942709197,0.012406568942924542,3.871768487103333e-06
m1_biempotrada_s4,biempotrada,s4,70.3165249407045,inf,-0.09999999996173592,-0.05131670192931925,0.043055369763949566,0.02492737403610041,8.007028820828487e-06
m1_biempotrada_s5,biempotrada,s5,43.631838380824014,inf,-0.1499999995114789,-0.07804555400577351,0.06287846936729673,0.037563746067919034,1.2439923809911056e-05
m1_biempotrada_s6,biempotrada,s6,22.262621545075994,inf,-0.24999999975574938,-0.1339745960745432,0.09938065350463791,0.06318861272569334,2.2370979520816123e-05
